dc_id,sku_id,factory_id,unit_transport_cost,holding_cost,stockout_cost,objective,transport_cost,holding_cost_total,stockout_cost_total,total_cost_check
DC001,SKU001,F001,224.0,3.36,336.0,20855.52,0.0,20855.52,0.0,20855.52
DC001,SKU002,F001,224.0,3.36,336.0,63385.27999999977,46592.0,9737.279999999999,7056.0,63385.28
DC001,SKU005,F001,224.0,3.36,336.0,300810.7199999742,282240.0,17226.72,1344.0,300810.72
DC001,SKU006,F001,224.0,3.36,336.0,1785946.399999976,1709120.0,72794.4,4032.0,1785946.4
DC001,SKU008,F001,224.0,3.36,336.0,509729.91999999806,454720.0,15025.92,39984.0,509729.92
DC001,SKU009,F001,224.0,3.36,336.0,506875.0400000045,465920.0,23147.04,17808.0,506875.04
DC001,SKU011,F001,224.0,3.36,336.0,1412442.0799999852,1366400.0,39658.08,6384.0,1412442.08
DC001,SKU012,F001,224.0,3.36,336.0,372410.07999999955,320320.0,19498.079999999998,32592.0,372410.08
DC001,SKU013,F001,224.0,3.36,336.0,264154.24,209440.0,13050.24,41664.0,264154.24
